"1001","2","376","5","31"
"1001","4","113","5","67"
"1001","15","1612","6","35"
"1001","83","1658","10","74"
"1001","9","470","7","18"
"1001","69","1203","7","16"
"1001","85","1938","1","10"
"1001","89","1758","2","79"
"1001","9","56","3","40"
"1001","33","1865","1","22"
"1002","33","319","6","10"
"1002","95","1454","7","21"
"1003","25","602","3","91"
"1003","95","809","2","60"
"1004","13","1493","6","32"
"1004","73","1938","2","17"
"1004","68","1136","10","38"
"1004","63","199","3","93"
"1005","70","1380","5","18"
"1005","95","1587","7","60"
"1005","69","1023","9","92"
"1005","68","1228","8","34"
"1005","67","730","5","84"
"1005","85","1904","3","97"
"1005","95","1277","8","15"
"1005","95","2","4","50"
"1006","15","1585","4","94"
"1006","25","683","10","29"
"1006","73","1064","7","98"
"1006","93","324","10","35"
"1006","68","1763","4","53"
"1006","40","644","4","51"
"1006","2","1433","7","49"
"1006","33","1523","6","35"
"1006","40","201","10","60"
"1006","70","1570","9","45"
"1007","2","262","5","22"
"1007","40","544","7","81"
"1007","13","1556","3","23"
"1007","2","549","6","98"
"1007","68","712","8","88"
"1007","8","864","8","26"
"1007","63","1137","4","97"
"1007","73","814","4","59"
"1007","8","1383","1","83"
"1007","69","827","3","83"
"1008","2","773","8","91"
"1008","25","303","9","48"
"1009","2","1160","1","40"
"1009","70","669","9","18"
"1009","73","1298","1","63"
"1010","83","1106","4","48"
"1010","54","1022","10","91"
"1010","77","136","1","51"
"1011","67","190","6","64"
"1011","70","1161","10","94"
"1011","2","949","3","56"
"1011","64","853","2","14"
"1011","4","150","2","14"
"1011","54","863","5","29"
"1011","95","840","7","21"
"1011","36","58","7","80"
"1011","8","547","5","20"
"1012","93","1353","2","58"
"1012","62","546","8","16"
"1012","9","1892","5","51"
"1012","77","1573","4","76"
"1012","96","945","8","16"
"1012","54","763","2","13"
"1012","25","92","1","21"
"1013","40","918","4","62"
"1013","33","1535","3","90"
"1013","36","1706","7","10"
"1013","64","731","7","97"
"1013","83","1297","4","36"
"1014","89","1708","8","20"
"1014","83","1744","7","69"
"1014","8","192","1","37"
"1014","9","94","5","50"
"1014","93","1378","9","14"
"1014","62","132","2","78"
"1014","93","1820","1","64"
"1015","15","294","9","69"
"1015","33","1282","3","62"
"1015","62","1821","10","44"
"1015","85","247","3","29"
"1015","8","324","2","43"
"1015","89","548","1","26"
"1015","15","161","2","61"
"1015","67","1690","2","82"
"1016","40","1262","9","76"
"1016","4","1148","9","40"
"1016","2","1912","2","40"
"1016","96","916","6","37"
"1016","67","1713","7","60"
"1016","36","1183","7","37"
"1016","4","1266","8","11"
"1017","68","993","9","86"
"1017","25","1164","5","97"
"1017","89","290","10","39"
"1017","95","1109","1","75"
"1017","70","689","8","17"
"1017","54","1763","3","61"
"1017","26","1115","5","15"
"1017","2","1003","3","20"
"1018","64","499","10","12"
"1019","85","1609","10","86"
"1019","13","1605","8","37"
"1020","70","1461","1","17"
"1020","25","1553","8","87"
"1020","26","794","3","66"
"1021","9","996","1","10"
"1021","8","248","4","67"
"1021","69","1136","5","11"
"1021","83","944","4","78"
"1021","62","1908","3","66"
"1021","95","58","7","55"
"1021","69","1160","2","88"
"1021","40","284","2","43"
"1021","26","644","10","39"
"1021","64","1388","10","29"
"1022","73","446","3","55"
"1022","80","1083","8","34"
"1022","89","1975","6","54"
"1023","13","1616","2","75"
"1023","89","1723","2","15"
"1023","36","723","10","70"
"1023","93","1209","3","83"
"1023","77","43","2","35"
"1023","8","1741","10","92"
"1023","8","860","4","33"
"1023","25","1994","9","47"
"1023","25","1266","5","56"
"1024","95","1224","7","62"
"1024","15","524","10","97"
"1024","68","1070","2","40"
"1024","77","1167","3","48"
"1024","85","1703","5","36"
"1024","9","590","10","84"
"1024","64","781","4","61"
"1024","95","1637","7","50"
"1024","64","733","3","91"
"1024","36","1246","1","84"
"1025","80","1509","1","46"
"1025","54","653","10","38"
"1025","9","1630","5","68"
"1025","89","575","1","45"
"1025","13","783","9","43"
"1025","63","1388","7","13"
"1025","70","1321","10","63"
"1025","80","1641","6","83"
"1025","73","361","9","57"
"1026","40","975","8","76"
"1026","4","1534","1","83"
"1026","63","629","2","66"
"1026","77","1610","8","78"
"1027","95","227","9","15"
"1027","54","959","6","48"
"1027","77","1868","1","56"
"1027","15","1178","9","66"
"1027","95","1744","4","65"
"1027","26","1055","3","22"
"1027","9","199","2","15"
"1027","95","85","1","53"
"1027","63","1136","10","55"
"1027","95","599","2","24"
"1028","33","1889","9","52"
"1029","8","1898","4","83"
"1029","68","1571","7","74"
"1029","69","1254","7","99"
"1029","63","1941","3","86"
"1029","15","157","10","30"
"1029","70","1331","1","52"
"1029","54","1841","10","72"
"1029","68","417","1","38"
"1029","83","182","7","81"
"1030","64","1576","4","24"
"1030","83","24","9","59"
"1030","26","1809","2","20"
"1030","63","1521","2","16"
"1030","77","1344","9","15"
"1031","8","801","9","82"
"1032","77","549","8","76"
"1033","95","1499","9","56"
"1033","89","1973","1","68"
"1033","69","417","4","64"
"1034","64","1026","7","56"
"1034","77","1474","4","57"
"1034","95","550","3","59"
"1034","73","1210","3","70"
"1034","9","199","3","73"
"1035","96","169","3","71"
"1035","13","884","8","94"
"1035","73","1767","10","100"
"1035","33","1612","10","65"
"1035","64","863","1","86"
"1035","70","1195","5","64"
"1035","68","751","10","37"
"1035","89","1501","2","81"
"1035","8","1802","1","36"
"1036","54","1445","3","11"
"1036","77","801","4","33"
"1036","70","281","4","100"
"1037","73","910","6","14"
"1037","69","547","1","24"
"1038","26","330","4","34"
"1038","8","1608","9","48"
"1038","63","1937","3","64"
"1038","15","1724","3","41"
"1038","54","1995","1","63"
"1038","63","865","7","70"
"1038","8","1164","4","96"
"1039","40","1282","8","79"
"1039","54","1693","3","88"
"1039","25","151","2","88"
"1039","15","412","9","35"
"1039","64","1616","2","50"
"1039","9","1984","10","92"
"1039","2","954","8","65"
"1039","85","608","2","26"
"1040","8","1284","2","49"
"1040","2","64","5","11"
"1040","73","872","1","98"
"1040","33","1852","4","83"
"1040","54","1708","1","60"
"1040","64","1024","7","100"
"1040","9","916","4","58"
"1040","25","1218","6","32"
"1040","63","1444","4","62"
"1041","36","1104","4","78"
"1041","15","853","9","79"
"1042","67","1658","2","34"
"1042","62","1055","10","45"
"1042","4","1432","5","30"
"1042","9","1628","8","59"
"1042","85","888","7","34"
"1042","83","1380","6","90"
"1042","73","1556","4","52"
"1042","26","417","10","44"
"1042","13","369","2","83"
"1043","83","865","4","13"
"1044","67","668","4","44"
"1044","64","1472","9","57"
"1044","25","1843","4","60"
"1044","36","1472","3","58"
"1044","26","520","10","28"
"1045","63","669","4","76"
"1045","8","1390","2","34"
"1045","85","961","3","11"
"1045","85","612","6","61"
"1045","69","656","9","76"
"1045","69","696","7","74"
"1045","93","1390","7","36"
"1045","25","1322","2","87"
"1045","64","877","8","94"
"1045","80","1318","8","98"
"1046","54","466","3","39"
"1046","26","1077","8","61"
"1047","77","946","10","48"
"1047","15","1576","6","63"
"1047","67","1323","1","24"
"1047","67","1116","4","72"
"1047","2","581","5","96"
"1047","67","724","3","51"
"1047","62","702","8","71"
"1047","2","1329","10","47"
"1048","95","1299","6","83"
"1048","62","1172","8","70"
"1048","67","1433","3","21"
"1049","4","928","3","59"
"1049","64","1717","5","70"
"1049","64","507","7","97"
"1049","95","1759","6","71"
"1049","33","645","9","32"
"1049","63","6","8","37"
"1049","63","899","1","98"
"1050","95","1864","7","95"
"1050","77","47","9","20"
"1050","9","1009","2","50"
"1050","64","1222","4","96"
"1050","13","582","2","68"
"1050","67","1984","3","75"
"1051","4","1344","10","65"
"1051","80","832","3","73"
"1052","93","1749","1","66"
"1052","54","1074","4","26"
"1052","9","644","8","43"
"1053","96","1283","6","11"
"1053","69","879","5","83"
"1053","85","1765","8","42"
"1053","4","538","5","80"
"1053","4","216","6","92"
"1053","26","1440","6","18"
"1053","15","996","7","67"
"1053","69","489","2","24"
"1053","67","940","1","98"
"1053","25","1028","3","73"
"1054","15","417","7","98"
"1054","8","292","7","83"
"1054","4","551","1","88"
"1054","96","1389","6","33"
"1054","9","1746","1","79"
"1054","8","1042","7","27"
"1055","95","1763","2","93"
"1055","96","1102","7","67"
"1055","80","1034","9","16"
"1055","67","963","8","12"
"1055","33","1104","10","53"
"1056","73","853","10","15"
"1056","89","963","1","81"
"1056","36","544","6","55"
"1057","69","885","7","62"
"1057","69","877","1","97"
"1057","26","1966","10","57"
"1057","33","1628","2","75"
"1057","25","1378","3","43"
"1057","36","897","4","63"
"1058","80","1762","9","78"
"1058","2","1218","8","61"
"1059","26","940","8","56"
"1059","2","629","3","10"
"1059","73","117","8","19"
"1059","69","1707","10","30"
"1059","69","1665","9","88"
"1059","73","1055","8","16"
"1060","54","402","10","78"
"1060","70","1673","10","11"
"1060","85","1436","5","50"
"1060","4","1184","3","62"
"1060","64","306","4","80"
"1060","80","872","2","84"
"1060","54","754","1","93"
"1061","33","1543","4","25"
"1061","93","534","8","87"
"1061","8","724","5","21"
"1062","93","741","8","83"
"1062","63","678","4","72"
"1062","73","986","4","23"
"1062","33","1180","6","41"
"1063","36","1045","7","92"
"1063","77","1383","10","41"
"1063","85","47","9","20"
"1063","33","492","3","35"
"1063","96","1963","8","71"
"1063","83","816","10","37"
"1063","70","894","4","79"
"1063","62","666","1","90"
"1063","80","1034","9","28"
"1064","95","1636","6","73"
"1064","36","1028","8","46"
"1064","64","1854","7","44"
"1064","96","567","2","85"
"1064","77","816","1","96"
"1064","83","554","2","82"
"1064","83","464","8","95"
"1065","69","39","6","86"
"1066","4","758","5","88"
"1066","93","467","7","30"
"1066","70","1466","3","67"
"1066","96","1516","5","55"
"1066","54","1350","8","15"
"1066","2","700","10","59"
"1066","64","1445","1","79"
"1066","4","823","7","100"
"1067","9","1450","8","90"
"1067","40","1981","1","15"
"1067","69","1912","4","92"
"1067","93","429","3","42"
"1067","64","632","5","85"
"1067","8","669","7","70"
"1068","13","45","3","94"
"1068","68","402","2","61"
"1068","13","1908","2","75"
"1068","2","1318","10","88"
"1068","96","1184","7","69"
"1068","25","1628","10","84"
"1068","13","308","9","76"
"1068","4","525","9","24"
"1069","36","1346","3","88"
"1069","77","466","1","32"
"1069","9","1654","4","91"
"1069","63","1210","9","24"
"1069","25","1396","6","73"
"1070","68","1953","6","52"
"1070","62","157","5","52"
"1070","40","1836","1","91"
"1070","15","1134","10","79"
"1070","68","575","1","50"
"1070","36","1032","5","56"
"1071","15","478","7","28"
"1071","73","1518","4","72"
"1072","68","272","9","38"
"1073","62","793","8","68"
"1073","83","742","9","97"
"1073","93","1218","3","53"
"1074","93","65","9","25"
"1074","25","974","10","66"
"1074","67","984","6","38"
"1075","2","707","6","69"
"1075","95","1141","9","66"
"1075","63","1853","6","34"
"1075","15","55","6","57"
"1075","15","550","10","48"
"1076","64","1217","1","83"
"1077","64","10","3","60"
"1078","63","1282","9","74"
"1078","95","1534","5","12"
"1078","83","101","10","50"
"1078","54","1171","8","54"
"1078","15","1033","4","87"
"1078","89","1557","6","76"
"1078","64","1432","8","76"
"1078","25","574","10","73"
"1078","4","1282","3","79"
"1079","64","1050","2","69"
"1079","62","438","2","23"
"1079","33","1070","10","31"
"1079","63","1009","6","13"
"1079","93","459","7","17"
"1079","64","574","6","49"
"1079","93","1086","10","76"
"1079","64","1509","9","78"
"1079","8","466","6","86"
"1079","73","1138","3","68"
"1080","62","164","3","18"
"1080","69","1058","8","49"
"1080","80","1012","5","29"
"1080","73","1919","9","83"
"1080","40","1082","6","85"
"1080","80","1690","1","31"
"1081","40","1364","6","68"
"1081","9","1316","1","87"
"1081","8","269","9","85"
"1081","70","1355","3","87"
"1081","2","1378","4","84"
"1081","33","479","10","96"
"1082","4","548","4","45"
"1082","25","1981","6","24"
"1082","9","143","10","51"
"1082","93","72","9","75"
"1082","2","280","6","88"
"1083","96","508","10","40"
"1084","62","1049","5","43"
"1084","13","823","9","53"
"1085","54","1418","2","37"
"1085","15","789","5","98"
"1085","69","1982","3","97"
"1085","95","1926","7","73"
"1085","64","413","9","27"
"1086","70","1505","3","68"
"1086","36","1003","10","11"
"1086","80","1508","3","100"
"1086","63","1782","9","63"
"1086","85","1316","8","65"
"1086","2","289","8","48"
"1086","95","1961","8","17"
"1086","67","282","3","93"
"1087","85","949","4","78"
"1087","80","452","2","22"
"1087","67","1330","9","63"
"1087","13","317","9","68"
"1087","13","1173","8","30"
"1087","25","75","1","40"
"1087","33","347","1","60"
"1088","2","574","7","74"
"1088","26","308","7","50"
"1088","68","1849","7","77"
"1089","85","917","4","31"
"1089","36","899","2","18"
"1089","95","477","6","23"
"1089","85","262","3","50"
"1090","25","927","2","80"
"1090","77","273","1","37"
"1090","9","690","7","64"
"1090","95","1284","7","87"
"1090","54","330","7","39"
"1091","36","78","6","26"
"1091","77","483","1","34"
"1091","2","101","2","100"
"1091","95","840","7","78"
"1091","62","1062","2","39"
"1091","85","479","5","30"
"1091","96","1077","9","13"
"1091","70","1209","8","46"
"1092","73","778","7","48"
"1092","15","1808","10","66"
"1092","67","1624","6","97"
"1092","68","1452","9","20"
"1092","83","1844","2","50"
"1092","69","901","3","93"
"1092","40","718","3","84"
"1092","36","1564","4","54"
"1092","62","560","6","55"
"1092","96","1917","4","98"
"1093","85","452","1","56"
"1093","40","1036","2","56"
"1093","9","970","5","36"
"1093","33","776","3","98"
"1093","15","1932","9","91"
"1094","26","155","7","98"
"1094","64","837","8","48"
"1094","4","308","10","95"
"1094","62","644","1","52"
"1094","85","1811","9","15"
"1094","70","1050","7","56"
"1095","73","508","7","88"
"1095","2","47","8","70"
"1095","13","970","7","92"
"1096","25","289","3","97"
"1096","63","1638","3","52"
"1096","26","746","1","55"
"1096","62","39","10","50"
"1096","89","997","10","35"
"1097","15","444","5","69"
"1097","67","1564","8","86"
"1097","36","722","8","69"
"1097","25","1992","10","93"
"1097","40","779","3","64"
"1097","64","1914","1","22"
"1097","62","525","1","80"
"1097","67","518","2","72"
"1097","33","653","5","50"
"1098","9","294","5","98"
"1098","26","407","4","38"
"1098","54","78","6","75"
"1098","62","1261","6","16"
"1098","63","1042","7","25"
"1098","26","1939","7","77"
"1098","80","828","1","64"
"1098","96","1942","5","36"
"1098","73","689","4","33"
"1098","73","1576","4","67"
"1099","64","456","3","68"
"1099","4","1154","2","61"
"1099","25","863","8","42"
"1100","13","1419","6","22"
"1100","62","39","10","27"
"1100","69","962","1","30"
"1100","26","435","10","48"
"1100","85","1175","7","35"
"1101","36","1767","2","40"
"1101","2","1695","9","29"
"1101","69","1570","1","88"
"1102","73","173","5","44"
"1102","2","1861","7","31"
"1103","70","929","9","11"
"1103","63","1357","7","56"
"1103","73","160","6","12"
"1103","67","601","2","17"
"1103","95","1175","6","51"
"1103","93","112","6","97"
"1103","73","1432","5","83"
"1104","15","228","2","87"
"1104","77","1383","8","62"
"1104","89","430","9","10"
"1104","8","853","10","66"
"1104","64","20","9","89"
"1104","68","1277","1","73"
"1104","26","1731","9","95"
"1104","73","1076","1","41"
"1105","36","1759","3","68"
"1106","13","757","1","94"
"1106","9","50","9","71"
"1106","85","826","7","74"
"1106","80","1280","7","40"
"1106","73","1086","10","38"
"1106","70","749","8","35"
"1106","70","1044","8","27"
"1106","64","1988","1","40"
"1106","62","1505","1","63"
"1106","73","1318","10","17"
"1107","8","493","1","34"
"1107","77","72","1","50"
"1107","40","1278","3","37"
"1107","68","1906","4","26"
"1107","89","282","9","42"
"1107","64","651","10","55"
"1107","8","1360","9","94"
"1107","73","1149","4","98"
"1107","63","1765","5","75"
"1107","95","1976","5","29"
"1108","77","1725","4","54"
"1108","69","828","6","67"
"1108","96","1115","6","99"
"1108","83","1123","10","87"
"1108","67","1961","5","84"
"1108","25","1076","3","85"
"1108","62","1024","10","32"
"1108","93","139","2","42"
"1108","89","916","7","61"
"1109","77","1432","9","55"
"1109","40","1277","5","31"
"1109","77","723","10","51"
"1109","26","136","7","38"
"1109","85","338","7","92"
"1109","96","338","7","80"
"1109","67","1932","2","90"
"1109","36","1633","6","52"
"1109","64","71","7","56"
"1109","26","1543","4","80"
"1110","93","927","2","88"
"1110","68","1961","4","81"
"1110","80","961","10","28"
"1110","80","1845","8","22"
"1110","67","1829","8","83"
"1110","63","1794","7","43"
"1110","64","1889","1","70"
"1110","93","905","7","18"
"1110","4","1609","10","97"
"1111","96","358","10","77"
"1111","33","1343","8","61"
"1111","9","1838","10","94"
"1111","68","1440","4","24"
"1111","33","1098","5","49"
"1111","95","1742","8","43"
"1111","9","825","2","26"
"1111","63","1118","9","59"
"1111","80","1405","10","57"
"1112","85","825","10","42"
"1112","36","1353","5","27"
"1112","93","1780","7","70"
"1112","80","540","10","94"
"1112","15","1676","3","64"
"1112","63","1057","1","95"
"1112","68","1030","6","84"
"1113","77","1433","7","77"
"1113","83","499","10","78"
"1113","68","1686","9","69"
"1113","40","1072","9","73"
"1114","95","757","10","47"
"1115","96","1098","5","30"
"1115","63","1369","4","15"
"1115","85","1369","9","23"
"1115","89","1942","7","19"
"1115","4","525","7","55"
"1116","9","1575","3","69"
"1117","68","900","3","34"
"1117","80","1132","1","100"
"1117","70","216","3","75"
"1117","68","1967","5","69"
"1117","54","299","5","93"
"1117","64","1303","4","62"
"1117","40","402","1","88"
"1118","63","258","3","25"
"1118","83","1011","1","35"
"1119","33","493","5","70"
"1119","69","773","6","66"
"1119","9","113","3","63"
"1120","89","48","8","80"
"1120","93","1033","7","12"
"1121","80","525","6","95"
"1121","96","756","4","39"
"1121","95","693","4","92"
"1121","83","14","4","58"
"1121","70","1671","1","21"
"1121","40","928","7","50"
"1122","4","169","3","56"
"1122","62","752","4","35"
"1122","70","92","2","58"
"1123","69","1497","7","50"
"1123","93","828","5","97"
"1123","63","319","4","90"
"1123","15","1138","5","90"
"1123","69","659","1","100"
"1123","85","1852","6","59"
"1123","77","1950","3","89"
"1124","54","1167","5","19"
"1124","77","450","9","100"
"1124","2","583","1","49"
"1124","9","1130","8","91"
"1125","96","403","5","73"
"1125","62","368","4","61"
"1126","83","206","6","17"
"1126","73","707","1","80"
"1126","73","1911","4","69"
"1126","69","1986","6","47"
"1126","89","1050","10","83"
"1126","15","424","10","65"
"1126","95","696","5","13"
"1127","69","435","4","51"
"1127","36","1950","2","61"
"1127","33","38","7","94"
"1127","15","1482","5","77"
"1127","2","909","8","65"
"1127","77","1262","8","19"
"1127","96","1516","8","72"
"1127","26","1829","5","32"
"1127","64","306","2","64"
"1128","62","1398","4","89"
"1129","93","1055","2","75"
"1129","63","351","5","96"
"1129","64","880","7","100"
"1129","62","554","2","75"
"1130","96","262","1","68"
"1130","93","1530","2","29"
"1130","70","1884","10","97"
"1131","69","894","8","29"
"1131","73","477","5","79"
"1131","15","133","2","26"
"1131","54","849","1","54"
"1131","85","1859","10","60"
"1131","36","1516","1","60"
"1131","95","154","4","100"
"1132","93","446","4","37"
"1133","25","1335","5","44"
"1133","26","1389","2","40"
"1133","89","1712","4","22"
"1133","15","1685","1","58"
"1133","95","652","5","60"
"1133","13","1804","9","32"
"1133","8","1852","2","83"
"1133","40","795","8","16"
"1133","95","924","8","12"
"1134","93","779","10","72"
"1134","4","1836","9","17"
"1134","96","1049","10","60"
"1134","15","546","10","66"
"1135","95","1516","2","91"
"1135","80","503","2","42"
"1135","73","178","5","27"
"1135","62","1628","8","66"
"1135","68","1108","8","58"
"1135","64","1477","1","76"
"1135","77","370","10","27"
"1135","13","310","4","31"
"1135","40","1028","3","79"
"1135","95","1419","4","61"
"1136","85","858","9","94"
"1136","95","996","2","89"
"1136","95","72","1","43"
"1136","83","1148","9","57"
"1136","93","1680","5","37"
"1136","67","1628","5","37"
"1136","64","1573","2","84"
"1136","25","376","4","14"
"1136","93","1861","4","61"
"1137","96","686","7","28"
"1137","2","1605","5","19"
"1137","2","1931","5","25"
"1137","77","908","6","78"
"1137","67","1307","9","20"
"1138","2","1927","7","74"
"1139","36","435","6","27"
"1139","70","118","1","89"
"1139","77","642","6","65"
"1139","26","1419","7","57"
"1139","40","1538","3","91"
"1139","36","1032","8","91"
"1139","83","1164","1","22"
"1139","36","842","10","99"
"1139","95","1679","7","30"
"1140","9","1235","10","23"
"1140","33","674","9","76"
"1140","15","520","3","96"
"1140","85","1854","3","91"
"1140","67","1575","9","13"
"1140","62","1573","8","18"
"1141","89","470","1","53"
"1141","80","1836","5","74"
"1141","68","457","8","16"
"1141","73","650","1","12"
"1141","67","325","1","86"
"1141","67","1316","2","66"
"1141","2","1765","5","13"
"1141","69","1864","1","91"
"1142","2","302","3","99"
"1142","89","1155","1","43"
"1143","36","299","2","45"
"1143","83","1062","5","45"
"1143","77","580","6","41"
"1143","4","1858","1","45"
"1144","89","952","9","46"
"1144","68","438","4","44"
"1144","9","1212","7","11"
"1144","13","1927","2","42"
"1144","4","1685","6","34"
"1144","69","1082","3","17"
"1144","64","1049","10","87"
"1144","15","467","4","80"
"1144","83","1380","4","69"
"1145","73","2","5","37"
"1145","70","690","4","84"
"1145","77","780","9","96"
"1145","33","1076","1","93"
"1145","13","102","4","83"
"1145","26","1568","8","21"
"1145","9","403","4","89"
"1145","64","1121","2","24"
"1145","68","1350","1","97"
"1145","64","324","9","76"
"1146","95","24","2","41"
"1146","96","478","6","21"
"1146","8","450","7","19"
"1146","9","1461","9","79"
"1146","63","71","2","63"
"1146","64","862","9","37"
"1147","54","665","5","86"
"1147","26","666","3","34"
"1147","54","1282","1","73"
"1147","67","190","4","64"
"1147","77","466","6","34"
"1147","67","1438","10","49"
"1147","63","47","10","21"
"1147","2","1390","2","29"
"1147","8","1425","2","21"
"1148","8","1474","2","97"
"1148","9","926","5","78"
"1148","25","1106","1","76"
"1148","2","72","10","46"
"1148","62","1391","1","75"
"1148","54","1227","7","96"
"1148","69","564","1","81"
"1148","70","1372","5","17"
"1148","68","72","8","42"
"1148","93","1077","8","32"
"1149","36","1761","10","93"
"1149","89","1813","5","12"
"1149","2","1938","9","63"
"1149","25","6","9","60"
"1149","85","1636","2","51"
"1149","69","911","2","18"
"1150","93","450","7","94"
"1150","67","199","4","33"
"1150","85","1106","2","24"
"1150","64","344","1","85"
"1151","93","1955","4","52"
"1151","80","1717","2","90"
"1151","13","250","2","95"
"1152","26","1696","7","14"
"1152","9","1811","8","63"
"1152","68","1217","8","70"
"1152","13","1227","10","27"
"1152","25","1252","4","80"
"1152","77","1172","10","32"
"1152","73","1166","9","100"
"1153","68","524","3","54"
"1153","67","696","3","56"
"1153","40","1750","6","88"
"1154","4","248","6","82"
"1154","63","1941","6","48"
"1154","36","330","10","42"
"1154","73","1838","3","76"
"1154","2","1830","2","42"
"1155","83","1706","8","49"
"1155","67","971","9","35"
"1155","25","1121","5","69"
"1155","93","1440","9","14"
"1155","63","826","8","37"
"1155","93","704","8","85"
"1155","64","1591","7","73"
"1155","93","1278","6","27"
"1155","96","1821","7","54"
"1155","15","1839","1","17"
"1156","8","1630","5","10"
"1156","77","736","8","82"
"1156","15","308","2","34"
"1156","15","965","7","22"
"1157","33","489","3","10"
"1157","63","841","6","82"
"1157","9","1445","2","65"
"1157","9","116","8","33"
"1157","4","949","9","54"
"1157","25","1633","10","54"
"1157","13","665","3","64"
"1157","13","1896","1","13"
"1157","68","952","10","33"
"1158","69","1383","2","31"
"1158","68","1410","10","82"
"1159","93","1083","5","57"
"1159","62","1926","1","28"
"1159","96","1280","6","47"
"1160","40","659","3","71"
"1160","89","1885","9","66"
"1160","95","1577","8","52"
"1160","93","66","8","87"
"1160","54","1325","10","53"
"1160","89","1329","9","55"
"1160","9","1093","6","88"
"1160","77","1004","8","65"
"1160","70","1918","1","72"
"1161","4","361","5","20"
"1161","25","1763","4","54"
"1162","80","134","2","72"
"1163","2","1804","5","89"
"1164","54","978","3","40"
"1164","63","365","8","73"
"1164","33","1235","2","90"
"1164","4","346","6","22"
"1165","96","1382","2","83"
"1165","96","86","7","68"
"1165","15","1099","9","29"
"1166","63","1794","10","15"
"1166","93","754","7","23"
"1166","95","590","1","48"
"1166","85","1608","9","22"
"1166","13","567","3","10"
"1166","33","905","8","31"
"1166","95","1813","5","27"
"1166","54","657","5","96"
"1167","13","651","5","56"
"1167","63","1108","8","91"
"1167","85","1966","6","61"
"1167","33","1244","2","16"
"1168","8","1009","10","24"
"1168","68","1508","8","14"
"1168","25","1516","1","18"
"1168","73","918","2","100"
"1168","62","1343","5","56"
"1168","33","789","8","52"
"1168","85","154","3","86"
"1168","2","1741","2","72"
"1169","15","1321","4","32"
"1169","40","1102","5","39"
"1169","54","102","4","20"
"1169","89","801","3","18"
"1169","64","452","1","93"
"1169","33","384","2","77"
"1170","40","1973","2","75"
"1170","68","1979","5","11"
"1170","69","303","7","26"
"1170","68","466","8","48"
"1171","13","1032","3","29"
"1171","54","632","9","98"
"1172","89","1540","2","84"
"1172","9","1767","10","93"
"1172","80","1210","8","52"
"1172","2","993","9","97"
"1172","67","1180","3","48"
"1172","62","940","1","14"
"1172","68","1818","9","65"
"1172","9","1501","1","75"
"1172","25","66","8","96"
"1173","83","1076","1","39"
"1173","73","564","4","25"
"1174","89","1497","6","96"
"1175","83","1612","2","25"
"1175","13","1562","4","81"
"1175","62","1241","10","62"
"1175","63","1382","2","56"
"1175","96","1671","2","14"
"1175","40","1553","4","81"
"1175","25","1098","7","81"
"1175","80","1380","1","18"
"1175","2","1535","9","61"
"1176","13","1503","3","89"
"1177","73","1749","6","96"
"1177","63","59","7","87"
"1177","8","1062","9","83"
"1177","25","107","7","47"
"1178","85","1372","10","74"
"1178","25","754","5","41"
"1178","54","251","6","79"
"1178","96","265","2","40"
"1178","33","657","7","17"
"1178","9","247","8","25"
"1178","33","1887","10","94"
"1178","26","1392","5","16"
"1178","62","436","7","68"
"1179","93","773","1","50"
"1180","8","107","1","76"
"1180","25","1006","8","61"
"1181","68","237","8","97"
"1181","36","907","8","58"
"1181","95","1380","1","13"
"1181","4","472","7","81"
"1181","40","1212","2","84"
"1182","62","1892","4","69"
"1182","64","853","5","83"
"1182","95","1676","1","62"
"1183","85","864","9","20"
"1183","25","1950","6","80"
"1183","69","907","6","57"
"1183","8","269","5","97"
"1183","95","1464","3","73"
"1183","8","1426","9","17"
"1183","26","1110","4","76"
"1183","63","764","3","37"
"1183","54","1516","3","11"
"1184","8","1981","9","97"
"1184","54","1681","9","78"
"1184","2","1493","8","35"
"1184","70","547","4","57"
"1184","69","1394","1","66"
"1184","93","324","9","51"
"1184","63","1587","9","11"
"1185","36","1356","10","31"
"1185","9","1576","8","96"
"1185","93","764","7","57"
"1185","70","1540","9","82"
"1185","25","1222","6","60"
"1185","26","407","6","76"
"1185","15","1738","4","84"
"1185","25","751","9","34"
"1186","33","1083","4","97"
"1186","25","1713","2","13"
"1186","26","71","1","61"
"1186","85","1452","4","73"
"1186","69","349","7","67"
"1186","9","1160","3","41"
"1187","95","59","6","68"
"1187","69","72","10","20"
"1187","62","1567","5","97"
"1188","68","748","8","46"
"1188","83","934","3","87"
"1188","40","1166","7","89"
"1188","4","758","10","22"
"1189","36","1346","2","41"
"1189","4","1329","6","50"
"1189","93","338","2","44"
"1189","36","529","7","71"
"1189","40","1571","8","21"
"1189","13","1391","6","30"
"1189","9","1538","1","49"
"1189","64","1530","9","31"
"1189","64","809","3","32"
"1190","4","1890","9","41"
"1190","54","650","1","86"
"1190","15","1573","8","31"
"1190","83","1704","3","39"
"1191","67","48","1","22"
"1191","67","358","3","12"
"1191","68","954","10","13"
"1191","89","950","9","81"
"1191","25","199","6","14"
"1192","69","1836","1","91"
"1192","73","1916","7","82"
"1192","70","1050","1","46"
"1192","8","574","8","19"
"1192","93","1516","3","63"
"1192","93","962","2","24"
"1192","15","1329","10","72"
"1192","15","1279","3","66"
"1192","77","1858","4","84"
"1192","13","969","9","24"
"1193","64","550","9","24"
"1194","96","161","1","87"
"1194","9","1808","8","59"
"1194","13","1895","4","97"
"1194","26","1380","6","26"
"1194","73","978","10","40"
"1194","40","116","8","31"
"1195","85","1591","1","38"
"1195","96","1976","3","19"
"1195","96","1434","2","41"
"1195","2","1474","8","49"
"1195","8","1888","9","35"
"1195","13","1941","10","99"
"1195","95","112","3","87"
"1195","33","134","2","55"
"1196","26","1171","6","84"
"1196","26","1218","1","92"
"1196","36","962","3","95"
"1196","8","814","3","20"
"1197","77","962","9","14"
"1197","54","1889","8","39"
"1197","69","1419","4","59"
"1197","15","1939","1","76"
"1198","85","157","7","16"
"1198","64","1089","9","63"
"1198","36","1808","9","46"
"1199","63","580","4","28"
"1200","83","1392","10","24"
"1201","25","1862","10","66"
"1201","40","1322","10","29"
"1201","4","1765","8","83"
"1201","89","1704","7","19"
"1202","96","212","9","87"
"1202","9","652","2","59"
"1202","95","1843","6","94"
"1203","69","16","4","53"
"1203","89","959","4","44"
"1203","8","1798","8","31"
"1203","64","1167","1","45"
"1203","62","1360","9","46"
"1203","67","1763","1","58"
"1203","85","1707","4","75"
"1203","13","1725","3","71"
"1203","93","1775","4","30"
"1203","36","1272","3","83"
"1204","40","50","3","42"
"1204","64","1405","1","72"
"1204","83","659","9","47"
"1204","85","142","6","74"
"1204","15","1098","3","28"
"1205","69","49","7","95"
"1206","96","525","2","37"
"1206","2","1086","10","27"
"1206","95","472","5","92"
"1206","93","864","10","23"
"1206","26","1811","9","88"
"1207","89","542","10","44"
"1207","15","1211","10","52"
"1207","33","1840","10","33"
"1207","9","1381","5","56"
"1208","96","653","3","56"
"1208","70","538","8","76"
"1208","96","1607","9","80"
"1209","83","1967","4","37"
"1209","2","1592","5","48"
"1209","95","45","10","29"
"1209","13","1522","7","99"
"1209","83","690","10","57"
"1209","83","1531","10","38"
"1209","93","309","4","37"
"1209","93","1298","3","39"
"1210","83","1017","7","41"
"1210","77","1055","2","27"
"1211","93","1160","2","61"
"1211","54","1798","9","12"
"1211","36","962","4","38"
"1212","70","16","3","91"
"1212","26","620","4","41"
"1212","73","776","5","16"
"1212","63","546","10","62"
"1212","25","338","7","90"
"1212","83","1540","1","36"
"1212","2","544","4","94"
"1212","25","1724","7","21"
"1212","33","718","3","68"
"1212","70","859","2","63"
"1213","80","1940","1","39"
"1214","63","61","4","48"
"1214","26","834","7","13"
"1214","54","934","3","39"
"1214","25","1976","4","95"
"1214","69","272","5","42"
"1214","33","1637","4","94"
"1214","83","62","6","59"
"1214","25","690","9","58"
"1214","40","999","6","35"
"1215","25","1166","9","63"
"1215","73","1252","6","51"
"1215","77","346","4","22"
"1215","83","92","4","88"
"1215","40","1085","4","48"
"1216","13","281","9","90"
"1216","73","608","3","34"
"1216","64","1829","5","88"
"1216","73","160","1","36"
"1216","67","628","2","55"
"1216","40","477","5","77"
"1216","2","39","2","98"
"1216","25","1564","2","58"
"1216","63","1628","5","82"
"1216","25","1477","2","54"
"1217","83","1941","7","13"
"1217","95","1383","6","47"
"1217","54","132","2","51"
"1217","36","1941","2","63"
"1217","69","379","2","94"
"1217","69","1280","2","48"
"1217","62","365","2","70"
"1217","62","76","5","77"
"1218","85","905","5","95"
"1218","4","1079","10","36"
"1218","36","346","3","18"
"1218","96","1589","3","90"
"1218","69","1255","5","50"
"1218","89","531","8","84"
"1218","62","143","6","33"
"1219","77","1328","6","91"
"1220","54","927","8","63"
"1221","67","1022","5","54"
"1221","26","430","7","84"
"1222","63","486","2","35"
"1222","4","507","3","80"
"1222","2","1052","8","25"
"1222","70","10","8","37"
"1222","54","1440","3","17"
"1222","54","154","3","78"
"1222","69","1556","7","43"
"1223","68","1104","7","83"
"1223","26","831","4","87"
"1224","95","1101","8","22"
"1224","33","961","2","98"
"1224","70","840","5","20"
"1225","67","1841","10","37"
"1226","73","1572","7","71"
"1226","64","1575","9","85"
"1226","95","1675","10","19"
"1226","13","1129","2","47"
"1226","89","730","5","57"
"1226","95","346","6","51"
"1226","25","1011","1","66"
"1226","96","1761","9","68"
"1227","77","281","2","32"
"1227","25","1401","4","28"
"1227","77","814","5","88"
"1227","96","986","9","22"
"1228","63","1221","3","97"
"1228","13","456","2","33"
"1228","13","446","7","22"
"1228","13","1225","3","76"
"1228","8","1854","7","22"
"1228","15","492","1","84"
"1228","54","711","5","80"
"1229","89","347","4","14"
"1229","80","1155","8","94"
"1229","8","435","5","71"
"1229","36","1307","2","98"
"1229","63","1625","8","66"
"1229","80","509","4","59"
"1229","68","272","7","69"
"1230","63","612","4","74"
"1230","2","617","4","66"
"1230","8","1166","5","99"
"1230","33","11","6","26"
"1230","85","1992","10","55"
"1230","73","1074","7","52"
"1230","70","1995","4","75"
"1231","8","607","5","28"
"1231","15","798","3","78"
"1231","96","116","2","29"
"1231","13","248","2","81"
"1231","40","1402","3","27"
"1231","54","582","6","94"
"1232","15","1636","10","27"
"1232","63","1673","3","88"
"1232","70","1057","1","59"
"1232","70","1154","4","82"
"1232","25","704","10","49"
"1232","4","1695","7","14"
"1232","68","814","10","87"
"1232","26","2","3","16"
"1233","4","620","2","93"
"1233","85","1093","8","29"
"1233","36","1849","3","19"
"1233","2","582","9","52"
"1233","68","581","3","43"
"1233","9","1572","4","95"
"1233","15","1976","1","12"
"1234","69","520","5","20"
"1234","73","1137","3","73"
"1234","68","1843","3","58"
"1234","73","10","4","40"
"1235","64","997","6","16"
"1235","83","1396","2","72"
"1235","54","1372","7","25"
"1236","89","986","8","46"
"1236","70","1026","10","49"
"1236","85","173","2","95"
"1236","25","952","7","63"
"1236","93","424","5","69"
"1236","62","900","2","51"
"1236","40","146","4","93"
"1236","9","666","9","52"
"1236","73","1116","2","17"
"1237","54","1625","5","70"
"1237","54","1244","5","78"
"1237","73","1923","2","94"
"1237","13","285","1","17"
"1237","93","1221","2","39"
"1237","95","1650","4","14"
"1237","89","685","5","70"
"1238","26","1038","4","33"
"1238","83","133","8","34"
"1238","2","749","5","35"
"1238","62","126","6","92"
"1238","95","86","3","15"
"1238","8","1731","1","12"
"1238","96","865","6","89"
"1238","40","1323","4","22"
"1238","63","700","4","82"
"1239","69","1033","7","44"
"1239","40","205","3","73"
"1239","13","1372","5","34"
"1239","68","1118","1","60"
"1239","80","908","8","87"
"1239","68","136","2","16"
"1240","9","1637","7","50"
"1240","93","1391","2","67"
"1240","33","1431","3","30"
"1240","67","86","10","44"
"1240","2","775","9","21"
"1240","8","1200","2","13"
"1240","33","299","6","26"
"1240","9","10","1","46"
"1241","95","1809","9","53"
"1241","26","456","3","14"
"1241","96","1603","10","100"
"1241","89","1904","4","41"
"1241","67","1423","6","96"
"1241","93","1951","2","30"
"1241","2","299","8","47"
"1241","62","1971","3","33"
"1242","89","1794","1","49"
"1242","93","1141","7","93"
"1242","85","607","8","72"
"1243","95","579","3","17"
"1243","62","196","9","53"
"1243","83","438","7","63"
"1244","15","1612","10","25"
"1244","67","1721","3","58"
"1244","93","1693","9","11"
"1244","68","1155","10","41"
"1244","95","257","8","21"
"1245","26","8","2","24"
"1245","77","579","7","51"
"1245","83","478","9","61"
"1245","15","1098","1","86"
"1245","40","1300","9","74"
"1245","4","1610","1","12"
"1246","77","74","1","50"
"1246","36","49","3","48"
"1246","67","163","7","63"
"1246","96","1232","10","75"
"1246","89","673","5","22"
"1246","40","551","5","89"
"1246","80","1925","5","21"
"1247","85","1180","2","89"
"1247","40","11","10","27"
"1247","33","1856","6","100"
"1247","73","273","10","97"
"1248","9","1708","10","40"
"1248","70","1388","5","83"
"1248","93","150","3","61"
"1249","54","1853","4","37"
"1249","73","1010","8","30"
"1250","36","384","4","24"
"1250","93","1822","3","40"
"1250","89","1843","6","17"
"1251","63","650","6","28"
"1251","8","196","5","26"
"1251","64","946","9","81"
"1251","70","1591","4","53"
"1251","26","265","4","48"
"1251","64","1738","7","95"
"1251","80","195","6","64"
"1251","80","55","8","13"
"1251","85","163","5","28"
"1251","63","1178","10","18"
"1252","93","216","7","53"
"1252","54","1482","2","96"
"1252","68","1453","4","41"
"1253","62","1775","5","97"
"1253","36","1295","1","50"
"1253","9","825","2","56"
"1253","54","1321","8","23"
"1253","54","1514","2","78"
"1253","77","1731","9","68"
"1254","40","61","8","23"
"1254","54","508","3","82"
"1254","95","337","3","70"
"1254","96","1136","4","30"
"1254","2","1148","10","65"
"1254","96","879","7","24"
"1255","62","1580","5","82"
"1255","25","1704","2","90"
"1255","4","1255","6","80"
"1255","77","1307","5","35"
"1255","73","146","3","53"
"1255","15","1925","4","34"
"1255","13","1707","5","78"
"1255","9","1575","1","66"
"1255","89","39","6","39"
"1256","9","930","5","31"
"1256","36","1868","1","71"
"1256","73","924","4","21"
"1256","83","1759","6","91"
"1256","68","1052","3","83"
"1257","13","520","4","30"
"1257","83","701","4","59"
"1257","54","1210","8","98"
"1257","80","1616","9","60"
"1257","93","801","6","87"
"1257","62","965","6","71"
"1257","33","1745","8","13"
"1257","8","972","1","19"
"1257","67","1187","5","70"
"1257","54","376","6","60"
"1258","54","1316","1","39"
"1258","9","1175","2","85"
"1259","64","368","6","81"
"1259","96","1649","1","54"
"1260","96","1280","6","79"
"1261","13","1431","4","18"
"1262","70","1595","10","52"
"1262","40","92","3","63"
"1262","4","894","6","59"
"1262","85","1925","5","76"
"1262","73","1325","4","93"
"1262","64","435","6","88"
"1263","89","10","6","23"
"1263","25","1149","4","88"
"1263","4","14","7","45"
"1263","83","1696","6","22"
"1263","85","1574","4","63"
"1263","33","1424","1","79"
"1264","73","1244","6","49"
"1264","26","1975","5","80"
"1264","26","862","8","52"
"1264","85","51","3","49"
"1264","69","1668","5","38"
"1264","69","12","2","73"
"1264","4","900","10","88"
"1264","63","477","4","15"
"1265","15","629","6","76"
"1265","54","1521","1","12"
"1265","33","1798","7","96"
"1265","2","1429","1","75"
"1266","36","132","1","90"
"1266","33","969","1","46"
"1267","70","396","2","38"
"1267","13","1849","1","42"
"1267","62","1116","8","68"
"1267","8","337","3","86"
"1267","26","834","7","64"
"1267","93","446","8","73"
"1267","93","544","10","17"
"1267","68","1724","2","11"
"1267","85","240","9","48"
"1268","77","1741","1","84"
"1268","2","438","7","81"
"1268","26","1838","9","19"
"1268","68","1765","10","33"
"1268","40","1768","3","72"
"1269","36","1288","7","62"
"1269","33","859","9","15"
"1269","15","814","9","70"
"1269","9","1467","2","10"
"1269","15","1853","1","87"
"1269","70","1154","1","28"
"1269","89","899","8","52"
"1269","89","1025","3","34"
"1269","26","227","2","23"
"1270","25","1576","5","97"
"1270","85","470","1","44"
"1270","4","774","5","55"
"1270","95","16","4","82"
"1270","36","1389","6","58"
"1271","36","78","7","34"
"1271","69","1922","2","97"
"1272","73","644","2","18"
"1272","40","1426","9","25"
"1272","83","1963","1","78"
"1272","62","1630","3","96"
"1272","96","1927","9","97"
"1272","33","1266","1","85"
"1273","67","1516","10","95"
"1273","13","1531","7","24"
"1273","85","2","10","82"
"1273","70","134","3","34"
"1273","95","845","2","52"
"1273","62","738","6","65"
"1273","9","1300","5","27"
"1274","80","150","4","45"
"1274","40","134","2","41"
"1274","85","144","8","39"
"1274","26","545","3","40"
"1274","73","1380","1","78"
"1274","77","154","4","56"
"1275","25","518","9","15"
"1275","96","64","1","92"
"1275","93","10","7","25"
"1275","4","1432","2","33"
"1275","70","1926","1","91"
"1275","70","974","7","31"
"1276","9","1083","6","20"
"1277","62","540","2","12"
"1277","95","556","7","47"
"1277","33","828","1","95"
"1277","96","412","10","98"
"1277","80","1775","9","80"
"1277","89","1099","3","36"
"1277","95","544","3","95"
"1277","80","1708","6","98"
"1278","80","733","7","49"
"1278","85","651","3","72"
"1278","33","2","3","21"
"1278","95","195","1","42"
"1278","63","730","2","96"
"1278","64","1139","2","82"
"1278","62","1264","10","44"
"1279","4","529","1","37"
"1279","69","1843","2","87"
"1279","70","746","7","35"
"1280","69","532","8","96"
"1280","2","830","1","59"
"1280","36","1626","4","16"
"1280","2","1181","9","49"
"1281","83","690","3","27"
"1282","54","1744","3","64"
"1282","70","302","3","93"
"1282","15","547","9","16"
"1283","54","1844","9","40"
"1283","85","1885","5","59"
"1283","40","65","8","22"
"1283","85","1441","3","36"
"1283","4","574","1","87"
"1283","26","1211","9","99"
"1283","80","1222","5","79"
"1283","85","1821","7","51"
"1283","93","1705","4","92"
"1284","85","14","8","46"
"1284","93","1853","9","27"
"1284","15","510","4","39"
"1284","89","1328","10","84"
"1284","93","492","10","54"
"1285","15","1554","7","38"
"1285","70","88","4","16"
"1285","2","1320","8","94"
"1285","33","1083","8","38"
"1285","93","628","8","74"
"1285","26","884","1","55"
"1285","96","674","10","73"
"1285","70","864","1","20"
"1286","33","1036","6","17"
"1287","33","1799","4","13"
"1287","69","92","5","48"
"1287","80","1522","8","23"
"1287","13","1394","1","64"
"1287","63","1818","3","21"
"1287","77","1325","10","51"
"1287","70","181","3","61"
"1287","69","164","8","23"
"1287","2","1724","10","40"
"1287","73","673","8","12"
"1288","8","1603","5","19"
"1288","83","1445","1","99"
"1288","73","1090","6","19"
"1288","83","1748","5","90"
"1288","95","38","6","24"
"1288","96","39","5","14"
"1288","63","832","4","97"
"1289","4","1360","3","83"
"1289","96","971","10","67"
"1289","54","247","9","85"
"1289","89","1284","4","65"
"1289","80","1977","4","25"
"1289","70","1775","1","16"
"1289","54","1004","3","98"
"1289","63","1167","10","80"
"1289","67","1236","10","95"
"1290","83","1424","4","63"
"1290","89","24","10","77"
"1290","63","407","9","96"
"1290","8","1284","4","62"
"1290","63","483","6","86"
"1290","96","1655","5","99"
"1290","40","1808","4","93"
"1291","70","163","1","73"
"1291","80","1854","4","10"
"1291","2","1540","3","87"
"1291","33","470","2","100"
"1291","93","145","10","47"
"1291","26","531","4","77"
"1291","4","678","3","88"
"1291","80","1938","6","84"
"1291","54","206","1","81"
"1291","4","1160","10","99"
"1292","68","1118","10","96"
"1292","9","752","10","12"
"1292","26","1675","2","83"
"1292","25","1004","9","11"
"1292","4","489","5","52"
"1292","70","1614","6","47"
"1293","85","1973","1","100"
"1293","83","1863","5","47"
"1293","95","1240","9","59"
"1293","25","24","5","19"
"1294","89","1582","6","100"
"1294","25","1173","5","46"
"1294","70","696","4","71"
"1294","67","1926","5","75"
"1294","77","816","1","61"
"1294","85","1426","4","21"
"1294","33","113","6","86"
"1294","68","1754","7","55"
"1294","36","1913","7","28"
"1295","40","1329","1","76"
"1295","25","1086","9","94"
"1295","4","49","7","53"
"1295","54","467","2","52"
"1295","54","1665","4","54"
"1296","33","1025","3","92"
"1296","33","10","8","25"
"1297","77","1514","6","24"
"1297","62","668","9","29"
"1297","26","1845","4","70"
"1297","63","548","5","73"
"1297","63","470","8","90"
"1297","25","1693","3","74"
"1297","9","803","10","11"
"1297","67","247","2","16"
"1297","68","714","7","39"
"1298","4","676","2","10"
"1298","26","1295","5","19"
"1298","8","642","2","90"
"1298","67","126","6","76"
"1298","8","114","6","81"
"1298","54","78","2","89"
"1298","25","885","7","11"
"1298","68","1616","10","57"
"1299","25","676","4","67"
"1299","69","1366","6","61"
"1300","77","816","2","64"
"1300","96","1395","4","95"
"1300","77","507","7","26"
"1300","67","1762","10","86"
"1301","85","1160","7","79"
"1301","85","1478","7","82"
"1301","85","1508","7","37"
"1302","40","68","3","45"
"1302","9","579","5","30"
"1302","26","1175","7","12"
"1302","77","1567","4","81"
"1303","25","1410","4","52"
"1303","95","1587","2","40"
"1303","80","1431","10","63"
"1303","77","581","4","64"
"1304","85","466","7","20"
"1304","15","470","10","68"
"1304","40","86","9","85"
"1305","80","177","4","39"
"1305","33","1991","8","54"
"1305","13","1927","10","78"
"1305","13","75","9","18"
"1305","73","525","4","46"
"1305","2","554","3","70"
"1305","4","1508","9","33"
"1306","4","992","6","12"
"1306","4","546","4","94"
"1306","36","924","8","27"
"1306","95","1135","9","74"
"1306","80","1240","6","68"
"1306","73","954","3","98"
"1306","73","66","6","90"
"1306","69","550","2","31"
"1306","89","1938","4","40"
"1306","70","141","2","27"
"1307","33","1873","6","53"
"1307","95","181","6","84"
"1307","69","1102","7","47"
"1307","9","818","3","92"
"1307","80","1217","7","28"
"1307","9","1795","3","46"
"1307","67","78","10","48"
"1307","70","1977","10","77"
"1307","40","1392","7","100"
"1308","4","820","7","35"
"1309","26","884","8","63"
"1310","63","62","7","10"
"1310","15","464","8","78"
"1310","54","1074","2","32"
"1311","2","499","1","56"
"1311","89","200","7","94"
"1311","85","1055","8","48"
"1311","54","1818","2","57"
"1311","67","590","6","34"
"1311","77","1808","3","79"
"1312","9","705","5","35"
"1312","93","452","7","58"
"1313","2","959","2","97"
"1314","9","1468","6","53"
"1314","96","545","8","59"
"1314","9","714","5","51"
"1314","33","1904","8","60"
"1314","70","1410","4","40"
"1314","80","429","9","27"
"1315","95","1654","3","88"
"1315","36","1984","9","10"
"1316","95","51","5","89"
"1316","93","1094","1","49"
"1316","93","1864","2","35"
"1316","40","1699","9","65"
"1317","9","345","8","31"
"1317","80","1725","10","56"
"1317","9","572","4","71"
"1317","70","117","6","11"
"1317","85","58","7","62"
"1318","73","117","1","42"
"1319","63","1616","7","100"
"1320","36","602","3","71"
"1320","15","714","6","70"
"1320","15","908","10","55"
"1320","68","1089","4","72"
"1320","69","756","7","95"
"1320","26","1993","1","10"
"1321","80","394","4","93"
"1321","80","479","10","75"
"1321","68","206","4","63"
"1321","73","1749","4","36"
"1321","33","874","6","51"
"1322","85","1590","3","51"
"1322","54","158","10","93"
"1322","40","414","6","14"
"1322","33","1861","10","44"
"1322","26","1949","10","47"
"1322","15","825","6","48"
"1322","25","248","4","36"
"1322","77","159","10","68"
"1323","2","1885","10","28"
"1323","93","793","3","65"
"1323","40","136","6","14"
"1323","89","394","3","29"
"1323","83","629","2","68"
"1323","96","71","4","37"
"1323","70","1273","9","64"
"1324","83","779","2","19"
"1324","25","1780","9","90"
"1324","26","1975","1","62"
"1324","85","1951","2","29"
"1325","77","72","5","74"
"1325","63","853","10","54"
"1325","95","837","2","45"
"1325","93","1798","5","12"
"1325","15","1927","2","59"
"1325","15","731","4","65"
"1325","54","1993","3","56"
"1325","73","969","6","36"
"1325","26","1767","3","65"
"1326","68","530","5","99"
"1326","80","1733","3","50"
"1326","64","1278","10","32"
"1326","70","984","2","76"
"1326","33","1477","1","82"
"1327","95","1024","1","40"
"1327","64","1187","10","85"
"1327","95","1771","6","33"
"1327","67","1497","2","38"
"1327","68","150","6","81"
"1328","63","1705","1","14"
"1329","83","540","2","40"
"1330","83","877","7","53"
"1330","64","1813","2","86"
"1331","89","1939","6","48"
"1331","93","1026","5","40"
"1331","15","1582","2","65"
"1331","9","799","3","68"
"1331","85","930","3","34"
"1331","68","1830","7","12"
"1331","70","924","9","25"
"1331","83","151","7","31"
"1332","36","1083","3","34"
"1332","69","579","1","35"
"1332","93","753","7","23"
"1332","8","1780","6","62"
"1332","33","813","1","18"
"1332","80","1951","9","79"
"1332","96","1118","8","89"
"1333","67","1192","7","10"
"1333","93","309","6","67"
"1333","93","348","4","44"
"1333","77","1825","1","45"
"1333","40","1630","6","29"
"1333","63","1155","2","33"
"1333","70","136","3","18"
"1333","69","723","6","78"
"1333","89","1798","10","83"
"1334","77","1660","7","14"
"1334","26","1530","3","59"
"1334","25","1482","7","65"
"1334","15","532","6","37"
"1334","69","13","8","48"
"1334","73","1061","3","47"
"1334","64","550","6","16"
"1335","80","1838","6","31"
"1335","93","222","9","42"
"1335","77","1398","9","59"
"1335","68","1575","3","16"
"1335","64","464","5","40"
"1335","89","1109","1","35"
"1335","85","292","8","52"
"1336","9","1733","4","35"
"1336","25","324","3","92"
"1336","64","457","4","98"
"1336","2","1423","10","71"
"1336","40","997","9","41"
"1336","26","169","1","98"
"1336","13","1731","1","38"
"1337","40","493","6","59"
"1338","67","1721","6","27"
"1338","33","781","9","69"
"1338","4","865","2","64"
"1338","89","1217","6","28"
"1338","73","1603","1","56"
"1338","67","798","9","23"
"1338","70","1687","9","50"
"1339","26","1199","5","19"
"1339","68","784","3","40"
"1339","96","1767","8","53"
"1339","25","731","2","94"
"1339","68","779","4","88"
"1339","85","1222","4","30"
"1339","85","1369","7","49"
"1339","8","723","7","16"
"1339","68","862","6","69"
"1339","85","1072","1","100"
"1340","83","1266","8","55"
"1341","67","723","10","81"
"1341","4","1940","4","22"
"1341","2","1198","10","42"
"1341","25","1335","6","68"
"1341","26","961","1","27"
"1341","36","524","9","41"
"1341","69","11","2","51"
"1342","63","696","6","20"
"1342","62","1665","8","37"
"1343","36","1226","3","97"
"1343","8","477","3","79"
"1343","67","68","8","22"
"1344","93","1026","10","30"
"1344","96","240","3","72"
"1344","96","1668","4","88"
"1344","67","556","2","90"
"1344","77","779","2","81"
"1344","9","1036","2","100"
"1344","64","651","3","37"
"1344","77","1808","6","95"
"1344","67","294","10","67"
"1345","67","753","6","67"
"1345","54","781","10","90"
"1346","64","1612","4","38"
"1346","83","1118","1","85"
"1346","8","1093","6","39"
"1346","89","1102","10","59"
"1346","9","730","6","100"
"1346","26","918","6","19"
"1346","26","831","2","62"
"1346","36","1741","2","48"
"1346","70","366","10","88"
"1346","26","730","8","87"
"1347","4","147","5","22"
"1347","25","832","4","78"
"1348","95","1967","7","71"
"1348","2","1955","10","67"
"1348","93","1093","10","32"
"1348","89","574","7","70"
"1348","67","1861","8","63"
"1349","63","1530","4","77"
"1349","67","344","6","96"
"1349","2","1203","7","97"
"1349","95","1636","3","99"
"1349","89","469","8","44"
"1349","2","1028","8","82"
"1349","83","999","7","52"
"1350","93","114","6","96"
"1351","4","751","10","74"
"1352","77","1355","8","77"
"1352","85","1367","1","55"
"1352","36","13","4","67"
"1352","95","304","2","91"
"1352","95","1681","7","86"
"1352","70","1099","2","69"
"1352","69","644","9","89"
"1352","26","1724","3","62"
"1352","96","64","7","72"
"1352","13","1172","1","52"
"1353","96","1803","1","90"
"1354","36","1556","1","86"
"1354","83","1410","4","95"
"1354","69","1255","2","45"
"1354","95","1041","10","85"
"1354","25","1961","1","43"
"1354","70","1424","10","95"
"1354","25","863","5","46"
"1354","33","376","9","72"
"1355","33","200","1","49"
"1355","26","1299","10","40"
"1356","80","195","5","57"
"1356","80","1836","9","74"
"1356","70","880","5","30"
"1356","2","1418","9","76"
"1356","40","874","10","74"
"1356","85","33","7","13"
"1356","2","1571","1","79"
"1356","26","1988","8","20"
"1356","13","1313","6","99"
"1357","15","733","5","36"
"1358","89","1543","6","80"
"1358","63","1896","7","89"
"1358","25","412","7","17"
"1358","63","1232","10","63"
"1358","64","1799","5","69"
"1358","96","284","9","56"
"1358","8","113","4","60"
"1358","25","632","3","21"
"1358","4","1003","1","60"
"1358","83","1307","5","56"
"1359","96","930","2","66"
"1359","2","1472","7","13"
"1359","9","1195","6","90"
"1359","93","1888","8","18"
"1359","67","1030","7","51"
"1360","54","862","1","11"
"1361","25","1405","3","97"
"1361","33","1638","3","75"
"1361","9","1564","3","43"
"1361","4","1098","7","39"
"1361","9","1993","5","69"
"1361","64","657","5","64"
"1362","68","666","7","54"
"1362","70","1576","9","32"
"1363","77","1198","1","59"
"1363","4","139","8","13"
"1363","80","1690","9","51"
"1364","25","1172","10","50"
"1364","64","1475","9","55"
"1364","26","344","10","72"
"1364","96","328","9","56"
"1364","54","508","10","72"
"1365","89","1609","1","91"
"1366","33","216","3","41"
"1366","96","741","8","63"
"1367","80","1178","5","72"
"1368","69","986","9","29"
"1369","89","1220","2","63"
"1369","68","756","1","56"
"1369","62","971","8","59"
"1369","93","1209","1","87"
"1369","83","1730","10","22"
"1369","69","1192","4","40"
"1369","15","1699","6","21"
"1369","26","785","5","57"
"1369","68","1581","9","67"
"1369","13","1577","5","99"
"1370","77","1141","6","58"
"1370","33","1216","7","43"
"1370","63","1355","1","41"
"1370","69","1971","6","36"
"1370","13","1440","6","76"
"1370","15","1654","1","42"
"1370","83","916","9","93"
"1370","25","531","6","98"
"1370","62","1038","6","32"
"1371","63","1609","3","38"
"1371","96","1571","8","38"
"1371","95","1327","4","70"
"1372","77","1789","5","44"
"1372","93","431","3","81"
"1372","93","85","2","57"
"1372","33","1061","3","27"
"1373","85","1079","4","71"
"1373","33","1418","3","36"
"1373","69","1288","1","91"
"1373","77","620","7","80"
"1373","54","12","5","89"
"1374","80","651","9","26"
"1374","40","1261","1","95"
"1374","70","701","2","24"
"1374","69","456","6","51"
"1374","93","1070","6","79"
"1374","63","690","5","74"
"1374","93","618","6","73"
"1374","40","1086","4","82"
"1375","96","1995","4","62"
"1376","77","1892","6","18"
"1376","69","206","3","71"
"1376","25","150","2","42"
"1377","96","1723","3","54"
"1377","89","789","6","45"
"1377","63","1963","5","20"
"1377","89","1167","3","65"
"1377","2","345","1","97"
"1377","89","1821","6","69"
"1378","68","1009","1","96"
"1378","85","786","7","16"
"1378","63","676","7","85"
"1378","40","1833","2","45"
"1378","89","934","10","27"
"1378","67","1183","1","35"
"1378","9","1076","8","75"
"1378","89","1452","1","96"
"1378","95","123","7","88"
"1379","64","1975","2","58"
"1379","67","1360","8","62"
"1379","93","1913","5","66"
"1379","13","1212","6","42"
"1379","40","1080","7","80"
"1379","26","1749","8","19"
"1379","40","1743","5","76"
"1379","62","132","6","63"
"1380","33","1102","3","53"
"1380","80","236","5","32"
"1380","83","881","8","71"
"1380","9","1034","9","38"
"1380","77","1492","1","43"
"1380","93","1032","7","76"
"1381","89","1890","10","87"
"1381","93","1671","7","52"
"1381","64","1931","10","33"
"1381","36","704","10","79"
"1381","85","952","1","93"
"1381","93","469","8","19"
"1382","2","302","7","76"
"1382","67","509","2","91"
"1382","9","470","6","23"
"1382","80","1605","3","57"
"1383","15","1318","3","83"
"1383","33","593","1","44"
"1384","62","664","8","24"
"1384","33","1941","3","69"
"1384","15","1135","5","17"
"1384","26","502","9","16"
"1384","26","303","6","81"
"1384","77","593","6","29"
"1384","69","656","10","68"
"1385","64","934","9","27"
"1385","93","1923","9","100"
"1385","13","1521","3","64"
"1385","8","1759","8","25"
"1385","62","1862","9","31"
"1386","83","1051","9","45"
"1386","8","1069","9","93"
"1386","96","1505","5","55"
"1386","83","1445","8","94"
"1386","33","1582","3","88"
"1386","15","599","3","62"
"1386","8","676","9","98"
"1386","36","1939","3","24"
"1386","95","1261","10","95"
"1386","25","789","6","56"
"1387","89","1859","9","16"
"1387","9","376","1","92"
"1387","77","1733","5","32"
"1387","69","1192","8","82"
"1387","8","1484","9","38"
"1387","80","1961","10","86"
"1387","33","1991","8","56"
"1388","95","1038","10","65"
"1388","26","50","10","73"
"1388","68","1675","6","69"
"1388","33","490","4","52"
"1388","63","1484","10","95"
"1388","8","247","7","77"
"1388","15","358","4","100"
"1388","9","1468","7","68"
"1388","64","1546","8","38"
"1389","80","1198","1","28"
"1389","70","1775","2","91"
"1389","63","1633","7","90"
"1389","85","435","9","52"
"1389","26","1904","9","98"
"1389","70","1971","2","12"
"1389","95","71","6","66"
"1389","69","152","1","43"
"1389","80","1938","7","81"
"1390","77","38","1","61"
"1390","62","617","9","43"
"1390","70","1930","6","16"
"1390","68","1174","2","11"
"1390","26","984","3","83"
"1391","26","1461","8","58"
"1391","69","1840","8","25"
"1391","64","751","10","67"
"1391","13","1943","9","78"
"1391","4","1083","6","59"
"1391","26","183","6","74"
"1392","77","686","3","71"
"1392","33","1108","9","97"
"1392","95","574","6","82"
"1392","8","1115","8","36"
"1392","73","1660","3","95"
"1392","80","1696","7","71"
"1392","68","1141","9","33"
"1392","15","1976","2","73"
"1393","33","1730","6","65"
"1394","83","905","7","45"
"1394","83","1741","3","61"
"1394","62","983","3","79"
"1394","67","1798","3","14"
"1394","70","1543","10","68"
"1394","62","220","6","25"
"1394","83","444","5","12"
"1395","67","1884","3","93"
"1395","95","118","5","97"
"1395","15","1949","5","90"
"1395","8","502","6","51"
"1395","73","673","2","96"
"1396","8","325","4","23"
"1396","96","1963","10","31"
"1396","77","1452","2","86"
"1396","70","1209","8","42"
"1396","36","1843","5","58"
"1396","62","1161","10","73"
"1396","4","68","7","31"
"1396","15","467","4","61"
"1396","4","524","2","69"
"1396","83","486","5","56"
"1397","80","813","3","34"
"1397","54","1086","6","96"
"1397","64","1241","8","55"
"1397","25","1591","5","36"
"1397","93","133","3","99"
"1397","77","1610","3","65"
"1397","8","1482","5","53"
"1397","36","13","6","100"
"1397","15","289","2","85"
"1398","85","1512","10","49"
"1399","4","1278","6","44"
"1399","80","1353","4","66"
"1399","83","177","2","77"
"1399","36","1429","7","84"
"1399","64","403","7","57"
"1399","64","930","8","95"
"1400","85","1768","1","57"
"1401","25","685","3","68"
"1401","40","545","4","66"
"1401","2","965","1","54"
"1401","36","1864","8","83"
"1401","68","1567","6","59"
"1401","67","1344","7","73"
"1402","62","1380","9","37"
"1402","70","1825","5","90"
"1402","2","1981","2","77"
"1402","73","1991","10","83"
"1403","96","841","3","91"
"1403","80","958","9","13"
"1403","95","1564","6","93"
"1403","63","921","4","79"
"1403","8","611","9","19"
"1403","13","490","10","32"
"1403","80","1445","7","30"
"1403","4","1004","8","86"
"1403","67","490","3","61"
"1404","67","141","2","75"
"1404","8","1105","3","73"
"1405","64","250","6","15"
"1405","26","1950","2","61"
"1405","63","417","6","61"
"1405","25","1499","2","58"
"1405","93","602","1","97"
"1405","33","65","9","69"
"1405","13","826","8","30"
"1405","25","1136","3","24"
"1406","26","1567","5","23"
"1407","40","842","1","49"
"1407","69","900","8","51"
"1407","93","791","10","12"
"1407","95","50","1","37"
"1407","95","1464","4","40"
"1407","4","1335","10","65"
"1407","33","44","7","76"
"1407","15","330","9","13"
"1407","33","1161","7","32"
"1408","77","690","8","19"
"1408","36","269","5","90"
"1408","93","1083","7","93"
"1408","36","1800","8","35"
"1408","64","1394","1","12"
"1408","64","1887","2","33"
"1408","89","1509","9","31"
"1408","2","754","9","14"
"1408","83","549","9","14"
"1409","64","1802","9","77"
"1409","26","858","10","28"
"1410","2","300","6","68"
"1411","96","773","8","76"
"1411","26","1062","5","63"
"1411","69","1171","4","37"
"1412","8","1911","4","18"
"1412","40","1227","2","73"
"1412","83","414","5","95"
"1412","40","1210","10","93"
"1412","68","1650","9","47"
"1412","83","1503","5","63"
"1412","73","237","3","59"
"1413","26","212","10","41"
"1413","80","310","3","63"
"1413","4","1328","5","68"
"1413","70","1094","5","31"
"1413","25","66","1","14"
"1414","80","467","3","25"
"1414","80","1673","1","90"
"1414","36","1441","8","84"
"1414","2","438","10","100"
"1415","33","1693","8","89"
"1415","26","1392","3","86"
"1415","40","13","4","97"
"1415","70","754","7","52"
"1416","63","1747","4","16"
"1416","70","657","3","70"
"1416","25","373","4","17"
"1416","40","664","4","37"
"1416","80","1518","4","92"
"1416","33","1540","7","74"
"1416","64","85","3","69"
"1416","2","779","1","17"
"1417","89","499","8","17"
"1417","4","1988","6","38"
"1417","33","1316","2","30"
"1417","96","1856","6","99"
"1417","15","1628","8","19"
"1417","25","690","6","88"
"1417","9","1569","6","38"
"1418","68","1391","7","20"
"1419","15","163","10","20"
"1419","80","1284","8","89"
"1419","9","1227","1","42"
"1419","67","1664","2","89"
"1419","15","652","10","37"
"1419","70","784","10","51"
"1419","62","1775","4","30"
"1419","15","1382","1","49"
"1420","15","1584","1","33"
"1420","2","1074","6","47"
"1420","25","582","8","70"
"1420","93","1277","3","39"
"1420","2","958","1","67"
"1421","40","267","1","75"
"1421","40","669","10","41"
"1421","77","1695","10","53"
"1421","70","545","3","19"
"1421","96","1330","2","97"
"1421","69","828","9","60"
"1421","40","1636","2","67"
"1421","54","470","4","35"
"1421","95","114","6","61"
"1422","64","554","9","45"
"1422","68","1829","6","85"
"1422","9","805","5","58"
"1422","64","112","7","18"
"1422","85","1654","5","82"
"1422","8","1051","8","46"
"1422","33","407","4","99"
"1422","80","742","6","75"
"1422","95","1478","5","60"
"1423","93","1155","6","97"
"1423","15","373","1","22"
"1423","15","1610","10","83"
"1423","4","324","9","33"
"1423","62","982","9","23"
"1423","85","870","8","82"
"1424","63","1466","5","74"
"1424","89","375","5","31"
"1425","62","874","4","24"
"1425","69","1203","6","35"
"1425","63","101","10","19"
"1425","89","1775","5","79"
"1425","80","1172","7","60"
"1425","70","1731","4","92"
"1426","13","1198","4","23"
"1427","73","405","2","76"
"1428","93","984","10","83"
"1428","64","1492","10","60"
"1428","89","1200","3","53"
"1429","80","1254","2","77"
"1429","9","928","7","79"
"1429","62","1804","6","47"
"1429","69","1356","4","11"
"1430","73","556","8","17"
"1431","4","102","7","13"
"1432","9","1994","9","92"
"1432","77","274","5","94"
"1432","70","1329","7","12"
"1432","15","926","2","35"
"1432","64","1704","7","38"
"1432","13","49","8","83"
"1432","13","299","1","13"
"1433","15","61","10","11"
"1433","2","161","4","55"
"1433","8","997","4","69"
"1433","77","905","6","37"
"1433","40","477","7","74"
"1433","83","949","8","75"
"1433","70","1690","8","75"
"1434","64","1425","5","41"
"1435","89","1466","2","18"
"1435","54","472","3","85"
"1435","2","47","7","33"
"1436","73","1705","2","65"
"1436","85","883","1","66"
"1436","62","1082","6","78"
"1436","96","607","6","15"
"1436","85","1307","3","64"
"1436","54","705","2","98"
"1436","70","791","9","90"
"1436","93","365","9","76"
"1437","54","1896","8","67"
"1438","13","711","3","11"
"1438","80","1707","2","25"
"1438","54","223","2","82"
"1438","8","1950","6","31"
"1438","8","715","8","18"
"1439","89","1820","6","47"
"1439","68","845","3","55"
"1439","8","1083","9","63"
"1439","8","36","5","58"
"1439","63","731","6","79"
"1439","73","1225","1","13"
"1439","69","910","8","39"
"1440","8","638","5","61"
"1440","8","883","3","91"
"1440","69","1895","7","70"
"1441","15","1134","2","83"
"1442","54","257","1","55"
"1442","9","1843","10","80"
"1443","80","949","4","35"
"1443","69","872","3","31"
"1443","26","1721","7","37"
"1443","15","1895","10","19"
"1443","4","1747","9","65"
"1444","64","1049","2","23"
"1444","33","1272","6","47"
"1444","54","112","7","59"
"1444","83","1572","1","85"
"1445","63","723","5","49"
"1445","62","1930","8","76"
"1445","67","723","7","33"
"1445","25","1284","5","25"
"1445","80","1725","4","10"
"1445","93","1366","7","22"
"1445","96","1334","9","62"
"1445","93","1546","5","63"
"1445","85","1094","4","33"
"1445","95","805","4","54"
"1446","13","869","5","72"
"1446","54","1690","7","19"
"1446","15","1391","2","26"
"1446","69","1573","9","73"
"1446","93","1383","5","63"
"1446","73","1979","9","34"
"1446","85","584","5","28"
"1446","73","916","1","82"
"1446","62","294","10","49"
"1447","64","1585","4","99"
"1447","8","1038","10","75"
"1448","2","1278","6","22"
"1448","70","33","4","98"
"1448","62","33","2","77"
"1448","25","1601","8","68"
"1448","25","930","3","77"
"1449","67","303","3","56"
"1449","9","1330","10","37"
"1449","15","532","3","69"
"1449","83","438","6","41"
"1449","4","107","5","14"
"1449","54","1775","2","36"
"1449","36","1951","1","100"
"1449","83","280","3","38"
"1449","64","117","4","40"
"1449","13","1453","7","34"
"1450","89","1840","2","65"
"1450","26","464","1","41"
"1450","68","1853","8","32"
"1450","63","1612","1","44"
"1450","40","65","10","69"
"1451","77","1085","4","89"
"1451","70","888","5","48"
"1451","63","1085","3","22"
"1451","8","1355","2","18"
"1451","33","1721","5","38"
"1452","69","369","1","34"
"1452","9","1095","10","54"
"1453","54","1280","9","32"
"1453","4","99","5","92"
"1453","70","1696","5","49"
"1453","40","1946","2","31"
"1453","13","1733","4","74"
"1453","40","756","3","62"
"1453","96","730","9","43"
"1453","89","320","5","58"
"1453","26","1587","2","17"
"1453","36","14","1","14"
"1454","67","1748","5","70"
"1454","63","1993","9","42"
"1454","9","642","1","28"
"1454","54","269","7","30"
"1454","9","112","1","70"
"1455","2","240","6","86"
"1455","85","629","7","38"
"1455","77","1106","3","23"
"1455","2","1844","7","47"
"1455","63","722","5","39"
"1455","15","1593","7","71"
"1455","36","945","1","67"
"1455","85","1557","1","56"
"1456","4","464","4","93"
"1456","4","1058","7","24"
"1457","95","1353","4","98"
"1457","26","1019","5","39"
"1457","2","431","8","36"
"1458","36","457","6","77"
"1458","68","133","9","69"
"1458","8","459","7","64"
"1458","64","64","3","18"
"1458","80","1973","4","76"
"1458","89","1673","5","44"
"1459","64","381","2","51"
"1459","77","1246","5","60"
"1459","68","1573","7","100"
"1459","80","426","7","39"
"1459","40","1695","9","49"
"1459","77","1423","7","68"
"1459","25","1679","8","36"
"1460","8","1649","4","70"
"1460","13","1445","6","68"
"1460","40","1708","8","37"
"1460","15","986","4","84"
"1461","93","849","2","10"
"1461","2","281","5","78"
"1461","73","1132","9","23"
"1461","9","1571","2","19"
"1461","26","337","9","93"
"1461","73","185","5","75"
"1461","15","1468","6","97"
"1461","40","917","3","98"
"1461","73","1767","6","37"
"1462","67","1744","5","16"
"1462","62","1045","3","34"
"1462","83","1232","4","82"
"1462","13","862","4","96"
"1462","68","845","4","72"
"1462","93","867","5","39"
"1462","13","82","7","52"
"1462","68","1849","3","81"
"1462","64","974","4","38"
"1462","36","181","9","62"
"1463","73","701","2","14"
"1463","85","1665","4","17"
"1463","73","1453","8","59"
"1463","93","389","6","13"
"1463","85","724","3","94"
"1463","40","1232","2","90"
"1463","25","1011","1","81"
"1464","54","366","8","21"
"1464","89","758","2","95"
"1464","54","220","4","18"
"1464","67","1533","2","19"
"1464","33","1200","10","39"
"1464","83","381","3","13"
"1464","83","477","2","15"
"1464","33","1379","1","36"
"1465","36","642","6","29"
"1465","77","1322","5","100"
"1465","93","1210","6","56"
"1465","69","793","8","62"
"1465","73","1508","6","74"
"1465","80","1939","3","18"
"1465","93","1608","1","39"
"1465","77","701","9","17"
"1465","40","673","6","100"
"1465","26","1923","4","55"
"1466","54","1932","8","52"
"1466","26","1288","1","18"
"1466","36","1741","1","67"
"1466","64","1963","4","61"
"1466","69","68","6","39"
"1466","85","764","2","46"
"1466","8","154","2","57"
"1466","64","959","7","26"
"1466","63","190","10","44"
"1466","8","178","3","93"
"1467","4","1873","10","19"
"1467","85","402","1","31"
"1467","95","59","7","12"
"1467","64","1297","3","41"
"1467","36","1573","2","70"
"1467","73","1023","7","36"
"1467","4","775","6","30"
"1467","25","1676","8","57"
"1467","4","48","6","38"
"1468","54","1136","6","31"
"1468","9","1898","3","79"
"1468","62","1575","5","28"
"1468","70","1844","9","54"
"1468","62","1509","2","100"
"1468","73","258","2","75"
"1468","33","1132","9","19"
"1469","69","1775","4","30"
"1469","80","1424","9","74"
"1469","83","1110","3","99"
"1469","9","1218","2","41"
"1469","9","61","7","52"
"1469","4","665","2","69"
"1469","93","493","9","50"
"1469","26","262","4","68"
"1469","40","794","7","11"
"1470","62","723","5","48"
"1471","15","1357","1","87"
"1471","69","1083","1","44"
"1471","67","894","3","34"
"1471","89","1864","10","64"
"1471","40","1612","8","44"
"1471","9","1977","10","26"
"1471","85","1380","5","84"
"1471","93","68","5","93"
"1471","89","1655","4","76"
"1472","63","1320","2","73"
"1472","95","700","5","74"
"1472","96","712","5","82"
"1472","2","1320","5","97"
"1472","62","1019","9","94"
"1472","70","1211","2","36"
"1472","83","1939","1","27"
"1472","26","886","4","87"
"1473","77","920","7","59"
"1473","15","1981","8","92"
"1473","2","652","9","84"
"1473","96","1328","4","81"
"1473","2","1533","10","60"
"1474","69","546","6","66"
"1474","9","258","2","61"
"1474","67","490","3","22"
"1474","33","908","4","53"
"1474","33","1028","8","51"
"1474","77","1090","10","98"
"1474","73","818","9","20"
"1475","77","248","7","59"
"1475","9","43","1","43"
"1475","25","127","8","41"
"1475","96","1576","7","59"
"1475","77","1696","2","17"
"1475","68","1471","6","54"
"1475","80","1638","7","40"
"1475","68","949","2","15"
"1476","89","779","5","84"
"1476","89","177","4","82"
"1476","26","601","3","75"
"1476","77","1727","9","68"
"1477","63","1492","8","47"
"1477","77","1906","7","14"
"1477","40","1614","7","71"
"1478","13","602","6","98"
"1478","62","144","1","35"
"1478","68","1614","7","31"
"1478","73","414","6","19"
"1478","64","1320","6","68"
"1478","4","317","6","76"
"1478","33","867","4","73"
"1478","70","653","8","71"
"1478","93","1603","5","69"
"1479","80","1988","4","69"
"1479","9","665","5","13"
"1479","73","722","9","30"
"1479","63","1523","4","87"
"1479","83","1950","8","93"
"1479","54","431","2","12"
"1479","64","1896","3","55"
"1479","26","472","9","92"
"1479","9","486","1","29"
"1479","95","968","2","70"
"1480","95","171","1","65"
"1480","13","1034","1","31"
"1480","89","884","5","85"
"1480","13","369","9","51"
"1480","69","698","6","47"
"1480","2","306","6","99"
"1480","73","1166","4","49"
"1480","96","909","2","42"
"1480","4","672","4","44"
"1480","54","736","7","26"
"1481","80","1279","9","71"
"1481","64","469","2","39"
"1481","93","579","6","15"
"1481","68","789","4","11"
"1481","54","1381","2","10"
"1481","73","736","7","79"
"1482","68","490","8","46"
"1482","83","1061","3","83"
"1483","62","1225","10","30"
"1483","54","909","5","87"
"1483","67","841","10","29"
"1483","69","1771","7","86"
"1483","80","114","8","24"
"1483","2","1155","8","34"
"1483","77","38","4","96"
"1483","8","68","5","49"
"1484","15","1992","9","47"
"1484","69","1025","5","45"
"1484","83","575","8","45"
"1484","54","1991","1","14"
"1484","15","74","2","60"
"1484","62","380","8","13"
"1485","33","1405","7","45"
"1485","8","1941","10","86"
"1485","83","1690","9","36"
"1485","68","426","9","10"
"1485","77","593","3","75"
"1486","95","837","7","92"
"1487","36","1704","4","32"
"1487","80","791","10","33"
"1487","83","1838","10","100"
"1487","40","1300","3","34"
"1487","85","267","1","91"
"1487","73","1010","1","84"
"1488","83","1942","1","59"
"1488","64","1178","4","57"
"1488","68","1988","6","23"
"1488","15","1839","3","26"
"1488","67","1212","10","19"
"1488","96","1320","1","25"
"1488","26","349","1","29"
"1488","64","867","7","84"
"1488","2","1577","6","28"
"1489","8","446","6","40"
"1490","2","1069","9","38"
"1491","8","402","8","89"
"1492","85","1110","6","94"
"1492","33","1649","9","27"
"1492","70","470","6","47"
"1492","13","1955","10","29"
"1492","77","1986","9","65"
"1492","9","55","4","73"
"1493","9","1118","7","43"
"1493","9","1109","2","24"
"1493","54","75","6","91"
"1493","70","1930","1","17"
"1493","4","1626","5","35"
"1493","8","280","4","88"
"1493","9","582","8","21"
"1493","13","733","3","61"
"1493","68","1173","1","68"
"1493","70","310","5","71"
"1494","9","1360","1","44"
"1494","85","2","3","71"
"1494","25","177","5","46"
"1494","80","150","6","94"
"1494","63","832","1","98"
"1494","36","1686","7","35"
"1494","8","730","7","73"
"1495","40","910","5","46"
"1495","73","1166","9","53"
"1495","26","928","4","43"
"1495","68","1045","10","59"
"1495","8","531","1","48"
"1495","26","155","1","13"
"1496","70","1581","9","71"
"1496","54","961","1","25"
"1496","40","784","3","36"
"1497","68","1171","9","77"
"1497","54","615","1","52"
"1497","33","328","5","15"
"1497","89","1925","8","87"
"1497","70","103","8","34"
"1498","4","841","9","50"
"1498","8","583","4","30"
"1498","15","572","10","33"
"1498","64","837","4","21"
"1498","68","1136","1","80"
"1498","73","47","9","23"
"1498","15","961","1","78"
"1499","89","1633","6","12"
"1500","95","1108","9","74"
"1500","36","1976","5","64"
"1500","40","1064","2","68"
"1500","64","346","10","48"
"1500","36","1589","6","45"
"1500","62","43","10","86"
"1500","54","1840","5","86"
"1500","54","507","2","31"
"1500","25","1676","10","82"
"1500","93","962","7","58"
